Workbook

Sheet Merchants
A1: merchant_id | B1: merchant_name | C1: category | D1: region
A2: 1 | B2: Merchant_001 | C2: ecommerce | D2: South
A3: 2 | B3: Merchant_002 | C3: grocery | D3: West
A4: 3 | B4: Merchant_003 | C4: grocery | D4: East
A5: 4 | B5: Merchant_004 | C5: ecommerce | D5: East
A6: 5 | B6: Merchant_005 | C6: recharge | D6: South
A7: 6 | B7: Merchant_006 | C7: food_delivery | D7: South
A8: 7 | B8: Merchant_007 | C8: food_delivery | D8: East
A9: 8 | B9: Merchant_008 | C9: food_delivery | D9: North
A10: 9 | B10: Merchant_009 | C10: ecommerce | D10: North
A11: 10 | B11: Merchant_010 | C11: grocery | D11: West
A12: 11 | B12: Merchant_011 | C12: ecommerce | D12: North
A13: 12 | B13: Merchant_012 | C13: ecommerce | D13: East
... A41: 40 | B41: Merchant_040 | C41: entertainment | D41: South

Sheet Fee_Tiers
A1: Payment Method Fee Tiers (MDR-style %)
A2: Note: These are illustrative MDR fee percentages for HLOOKUP demonstration.
A4: Method | B4: UPI | C4: Wallet | D4: Card | E4: Netbanking
A5: MDR Fee % | B5: 0 | C5: 0.5 | D5: 1.8 | E5: 1.2

Sheet Transactions_View
A1: transaction_id | B1: user_id | C1: merchant_id | D1: transaction_time | E1: amount_inr | F1: payment_method | G1: status | H1: risk_score | I1: merchant_name (VLOOKUP) | J1: category (VLOOKUP) | K1: region (VLOOKUP) | L1: MDR_Fee_Pct (HLOOKUP) | M1: Classification (IF/AND)
A2: TXN100000 | B2: 350 | C2: 16 | D2: 2026-01-29 11:13:00 | E2: 2999 | F2: Wallet | G2: captured | H2: 85 | I2: =IFERROR(VLOOKUP(C2,Merchants!$A$2:$D$41,2,FALSE),"Merchant not found") | J2: =IFERROR(VLOOKUP(C2,Merchants!$A$2:$D$41,3,FALSE),"Merchant not found") | K2: =IFERROR(VLOOKUP(C2,Merchants!$A$2:$D$41,4,FALSE),"Merchant not found") | L2: =IFERROR(HLOOKUP(F2,Fee_Tiers!$B$4:$E$5,2,FALSE),0) | M2: =IF(AND(E2>500,K2<>"East"),"High-Value Merchant Day",IF(AND(E2>500,K2="East"),"High-Value East (Excluded)",IF(E2<=500,"Standard","Unknown")))
A3: TXN100001 | B3: 287 | C3: 27 | D3: 2026-01-04 11:49:00 | E3: 49 | F3: UPI | G3: captured | H3: 79 | I3: =IFERROR(VLOOKUP(C3,Merchants!$A$2:$D$41,2,FALSE),"Merchant not found") | J3: =IFERROR(VLOOKUP(C3,Merchants!$A$2:$D$41,3,FALSE),"Merchant not found") | K3: =IFERROR(VLOOKUP(C3,Merchants!$A$2:$D$41,4,FALSE),"Merchant not found") | L3: =IFERROR(HLOOKUP(F3,Fee_Tiers!$B$4:$E$5,2,FALSE),0) | M3: =IF(AND(E3>500,K3<>"East"),"High-Value Merchant Day",IF(AND(E3>500,K3="East"),"High-Value East (Excluded)",IF(E3<=500,"Standard","Unknown")))
A4: TXN100002 | B4: 122 | C4: 11 | D4: 2026-01-24 04:59:00 | E4: 1499 | F4: Wallet | G4: captured | H4: 22 | I4: =IFERROR(VLOOKUP(C4,Merchants!$A$2:$D$41,2,FALSE),"Merchant not found") | J4: =IFERROR(VLOOKUP(C4,Merchants!$A$2:$D$41,3,FALSE),"Merchant not found") | K4: =IFERROR(VLOOKUP(C4,Merchants!$A$2:$D$41,4,FALSE),"Merchant not found") | L4: =IFERROR(HLOOKUP(F4,Fee_Tiers!$B$4:$E$5,2,FALSE),0) | M4: =IF(AND(E4>500,K4<>"East"),"High-Value Merchant Day",IF(AND(E4>500,K4="East"),"High-Value East (Excluded)",IF(E4<=500,"Standard","Unknown")))
A5: TXN100003 | B5: 92 | C5: 22 | D5: 2026-01-29 13:01:00 | E5: 49 | F5: Netbanking | G5: captured | H5: 100 | I5: =IFERROR(VLOOKUP(C5,Merchants!$A$2:$D$41,2,FALSE),"Merchant not found") | J5: =IFERROR(VLOOKUP(C5,Merchants!$A$2:$D$41,3,FALSE),"Merchant not found") | K5: =IFERROR(VLOOKUP(C5,Merchants!$A$2:$D$41,4,FALSE),"Merchant not found") | L5: =IFERROR(HLOOKUP(F5,Fee_Tiers!$B$4:$E$5,2,FALSE),0) | M5: =IF(AND(E5>500,K5<>"East"),"High-Value Merchant Day",IF(AND(E5>500,K5="East"),"High-Value East (Excluded)",IF(E5<=500,"Standard","Unknown")))
A6: TXN100004 | B6: 343 | C6: 16 | D6: 2026-01-30 13:51:00 | E6: 99 | F6: UPI | G6: captured | H6: 34 | I6: =IFERROR(VLOOKUP(C6,Merchants!$A$2:$D$41,2,FALSE),"Merchant not found") | J6: =IFERROR(VLOOKUP(C6,Merchants!$A$2:$D$41,3,FALSE),"Merchant not found") | K6: =IFERROR(VLOOKUP(C6,Merchants!$A$2:$D$41,4,FALSE),"Merchant not found") | L6: =IFERROR(HLOOKUP(F6,Fee_Tiers!$B$4:$E$5,2,FALSE),0) | M6: =IF(AND(E6>500,K6<>"East"),"High-Value Merchant Day",IF(AND(E6>500,K6="East"),"High-Value East (Excluded)",IF(E6<=500,"Standard","Unknown")))
A7: TXN100005 | B7: 196 | C7: 3 | D7: 2026-01-06 22:06:00 | E7: 99 | F7: UPI | G7: captured | H7: 60 | I7: =IFERROR(VLOOKUP(C7,Merchants!$A$2:$D$41,2,FALSE),"Merchant not found") | J7: =IFERROR(VLOOKUP(C7,Merchants!$A$2:$D$41,3,FALSE),"Merchant not found") | K7: =IFERROR(VLOOKUP(C7,Merchants!$A$2:$D$41,4,FALSE),"Merchant not found") | L7: =IFERROR(HLOOKUP(F7,Fee_Tiers!$B$4:$E$5,2,FALSE),0) | M7: =IF(AND(E7>500,K7<>"East"),"High-Value Merchant Day",IF(AND(E7>500,K7="East"),"High-Value East (Excluded)",IF(E7<=500,"Standard","Unknown")))
A8: TXN100006 | B8: 236 | C8: 23 | D8: 2026-01-08 06:52:00 | E8: 99 | F8: Wallet | G8: captured | H8: 39 | I8: =IFERROR(VLOOKUP(C8,Merchants!$A$2:$D$41,2,FALSE),"Merchant not found") | J8: =IFERROR(VLOOKUP(C8,Merchants!$A$2:$D$41,3,FALSE),"Merchant not found") | K8: =IFERROR(VLOOKUP(C8,Merchants!$A$2:$D$41,4,FALSE),"Merchant not found") | L8: =IFERROR(HLOOKUP(F8,Fee_Tiers!$B$4:$E$5,2,FALSE),0) | M8: =IF(AND(E8>500,K8<>"East"),"High-Value Merchant Day",IF(AND(E8>500,K8="East"),"High-Value East (Excluded)",IF(E8<=500,"Standard","Unknown")))
A9: TXN100007 | B9: 13 | C9: 13 | D9: 2026-01-27 07:14:00 | E9: 99 | F9: UPI | G9: captured | H9: 51 | I9: =IFERROR(VLOOKUP(C9,Merchants!$A$2:$D$41,2,FALSE),"Merchant not found") | J9: =IFERROR(VLOOKUP(C9,Merchants!$A$2:$D$41,3,FALSE),"Merchant not found") | K9: =IFERROR(VLOOKUP(C9,Merchants!$A$2:$D$41,4,FALSE),"Merchant not found") | L9: =IFERROR(HLOOKUP(F9,Fee_Tiers!$B$4:$E$5,2,FALSE),0) | M9: =IF(AND(E9>500,K9<>"East"),"High-Value Merchant Day",IF(AND(E9>500,K9="East"),"High-Value East (Excluded)",IF(E9<=500,"Standard","Unknown")))
A10: TXN100008 | B10: 36 | C10: 18 | D10: 2026-01-11 08:55:00 | E10: 799 | F10: UPI | G10: captured | H10: 44 | I10: =IFERROR(VLOOKUP(C10,Merchants!$A$2:$D$41,2,FALSE),"Merchant not found") | J10: =IFERROR(VLOOKUP(C10,Merchants!$A$2:$D$41,3,FALSE),"Merchant not found") | K10: =IFERROR(VLOOKUP(C10,Merchants!$A$2:$D$41,4,FALSE),"Merchant not found") | L10: =IFERROR(HLOOKUP(F10,Fee_Tiers!$B$4:$E$5,2,FALSE),0) | M10: =IF(AND(E10>500,K10<>"East"),"High-Value Merchant Day",IF(AND(E10>500,K10="East"),"High-Value East (Excluded)",IF(E10<=500,"Standard","Unknown")))
A11: TXN100009 | B11: 348 | C11: 35 | D11: 2026-01-21 16:25:00 | E11: 299 | F11: UPI | G11: captured | H11: 42 | I11: =IFERROR(VLOOKUP(C11,Merchants!$A$2:$D$41,2,FALSE),"Merchant not found") | J11: =IFERROR(VLOOKUP(C11,Merchants!$A$2:$D$41,3,FALSE),"Merchant not found") | K11: =IFERROR(VLOOKUP(C11,Merchants!$A$2:$D$41,4,FALSE),"Merchant not found") | L11: =IFERROR(HLOOKUP(F11,Fee_Tiers!$B$4:$E$5,2,FALSE),0) | M11: =IF(AND(E11>500,K11<>"East"),"High-Value Merchant Day",IF(AND(E11>500,K11="East"),"High-Value East (Excluded)",IF(E11<=500,"Standard","Unknown")))
A12: TXN100010 | B12: 134 | C12: 12 | D12: 2026-01-01 03:56:00 | E12: 49 | F12: UPI | G12: captured | H12: 74 | I12: =IFERROR(VLOOKUP(C12,Merchants!$A$2:$D$41,2,FALSE),"Merchant not found") | J12: =IFERROR(VLOOKUP(C12,Merchants!$A$2:$D$41,3,FALSE),"Merchant not found") | K12: =IFERROR(VLOOKUP(C12,Merchants!$A$2:$D$41,4,FALSE),"Merchant not found") | L12: =IFERROR(HLOOKUP(F12,Fee_Tiers!$B$4:$E$5,2,FALSE),0) | M12: =IF(AND(E12>500,K12<>"East"),"High-Value Merchant Day",IF(AND(E12>500,K12="East"),"High-Value East (Excluded)",IF(E12<=500,"Standard","Unknown")))
A13: TXN100011 | B13: 306 | C13: 28 | D13: 2026-01-09 01:06:00 | E13: 2999 | F13: Card | G13: failed | H13: 44 | I13: =IFERROR(VLOOKUP(C13,Merchants!$A$2:$D$41,2,FALSE),"Merchant not found") | J13: =IFERROR(VLOOKUP(C13,Merchants!$A$2:$D$41,3,FALSE),"Merchant not found") | K13: =IFERROR(VLOOKUP(C13,Merchants!$A$2:$D$41,4,FALSE),"Merchant not found") | L13: =IFERROR(HLOOKUP(F13,Fee_Tiers!$B$4:$E$5,2,FALSE),0) | M13: =IF(AND(E13>500,K13<>"East"),"High-Value Merchant Day",IF(AND(E13>500,K13="East"),"High-Value East (Excluded)",IF(E13<=500,"Standard","Unknown")))
... A548: TXN300031 | B548: 345 | C548: 12 | D548: 2026-01-23 09:03:00 | E548: 399 | F548: Card | G548: captured | H548: 69 | I548: =IFERROR(VLOOKUP(C548,Merchants!$A$2:$D$41,2,FALSE),"Merchant not found") | J548: =IFERROR(VLOOKUP(C548,Merchants!$A$2:$D$41,3,FALSE),"Merchant not found") | K548: =IFERROR(VLOOKUP(C548,Merchants!$A$2:$D$41,4,FALSE),"Merchant not found") | L548: =IFERROR(HLOOKUP(F548,Fee_Tiers!$B$4:$E$5,2,FALSE),0) | M548: =IF(AND(E548>500,K548<>"East"),"High-Value Merchant Day",IF(AND(E548>500,K548="East"),"High-Value East (Excluded)",IF(E548<=500,"Standard","Unknown")))

Sheet Classification_Rules
A1: Nested IF/AND Classification Rule Documentation
A3: Rule: | B3: IF(AND(amount_inr > 500, region <> "East"), "High-Value Merchant Day", ...)
A4: Cutoff 1: | B4: Transaction amount > INR 500 (per-row proxy for merchant daily total > INR 5,000)
A5: Cutoff 2: | B5: Region must NOT be "East"
A6: Label 1: | B6: "High-Value Merchant Day" — amount > 500 AND region is not East
A7: Label 2: | B7: "High-Value East (Excluded)" — amount > 500 BUT region is East
A8: Label 3: | B8: "Standard" — amount <= 500
A9: Rationale: | B9: The INR 5,000 daily-total threshold is checked in the Pivot_Table sheet. For per-row classification, we use INR 500 per-transaction as a proxy to flag high-value activity at the row level, combined with the East-region exclusion.

Sheet Pivot_Table
A1: Pivot Table: Total Amount & Count by Merchant × Status
A2: Plus count-vs-count-unique comparison for top merchants
A4: merchant_id | B4: status | C4: total_amount_inr | D4: txn_count
A5: 1 | B5: captured | C5: 10142 | D5: 8
A6: 1 | B6: failed | C6: 299 | D6: 1
A7: 2 | B7: captured | C7: 3640 | D7: 10
A8: 3 | B8: captured | C8: 8084 | D8: 16
A9: 3 | B9: chargeback | C9: 149 | D9: 1
A10: 4 | B10: captured | C10: 6941 | D10: 9
A11: 5 | B11: captured | C11: 5340 | D11: 10
A12: 5 | B12: failed | C12: 499 | D12: 1
A13: 6 | B13: captured | C13: 6637 | D13: 13
A14: 6 | B14: chargeback | C14: 799 | D14: 1
A15: 7 | B15: captured | C15: 11638 | D15: 12
A16: 7 | B16: chargeback | C16: 1999 | D16: 1
... A95: 40 | B95: failed | C95: 548 | D95: 2
A98: Count vs Count-Unique Comparison (Top 10 Merchants)
A99: merchant_id | B99: total_txn_count | C99: unique_days_transacted | D99: avg_txns_per_day
A100: 16 | B100: 20 | C100: 15 | D100: 1.33
A101: 29 | B101: 19 | C101: 13 | D101: 1.46
A102: 37 | B102: 19 | C102: 16 | D102: 1.19
A103: 9 | B103: 18 | C103: 14 | D103: 1.29
A104: 3 | B104: 17 | C104: 13 | D104: 1.31
A105: 25 | B105: 17 | C105: 11 | D105: 1.55
A106: 30 | B106: 17 | C106: 13 | D106: 1.31
A107: 8 | B107: 16 | C107: 13 | D107: 1.23
A108: 36 | B108: 16 | C108: 12 | D108: 1.33
A109: 27 | B109: 16 | C109: 13 | D109: 1.23
A112: Merchants with Daily Total > INR 5,000 (for IF/AND classification)
A113: merchant_id | B113: txn_date | C113: daily_total_inr
A114: 1 | B114: 2026-01-09 | C114: 5048
A115: 17 | B115: 2026-01-11 | C115: 7998
A116: 21 | B116: 2026-01-01 | C116: 5298
A117: 22 | B117: 2026-01-13 | C117: 5798
A118: 39 | B118: 2026-01-22 | C118: 9796
